Archivo,Calidad,Tiempo
100-300-001.txt.salida_0,0,5
100-300-002.txt.salida_0,0,5
100-300-003.txt.salida_0,0,2
100-300-004.txt.salida_0,0,2
100-300-005.txt.salida_0,0,2
100-300-006.txt.salida_0,0,2
100-300-007.txt.salida_0,0,2
100-300-008.txt.salida_0,0,2
100-300-009.txt.salida_0,0,2
100-300-010.txt.salida_0,0,2
100-300-011.txt.salida_0,0,2
100-300-012.txt.salida_0,0,3
100-300-013.txt.salida_0,0,2
100-300-014.txt.salida_0,0,2
100-300-015.txt.salida_0,0,2
100-300-016.txt.salida_0,0,2
100-300-017.txt.salida_0,0,2
100-300-018.txt.salida_0,0,2
100-300-019.txt.salida_0,0,2
100-300-020.txt.salida_0,0,2
100-300-021.txt.salida_0,0,2
100-300-022.txt.salida_0,0,2
100-300-023.txt.salida_0,0,2
100-300-024.txt.salida_0,0,3
100-300-025.txt.salida_0,0,2
100-300-026.txt.salida_0,0,2
100-300-027.txt.salida_0,0,2
100-300-028.txt.salida_0,0,2
100-300-029.txt.salida_0,0,2
100-300-030.txt.salida_0,0,2
100-300-031.txt.salida_0,0,2
100-300-032.txt.salida_0,0,3
100-300-033.txt.salida_0,0,2
100-300-034.txt.salida_0,0,3
100-300-035.txt.salida_0,0,2
100-300-036.txt.salida_0,0,2
100-300-037.txt.salida_0,0,2
100-300-038.txt.salida_0,0,2
100-300-039.txt.salida_0,0,2
100-300-040.txt.salida_0,0,3
100-300-041.txt.salida_0,0,4
100-300-042.txt.salida_0,0,3
100-300-043.txt.salida_0,0,5
100-300-044.txt.salida_0,0,5
100-300-045.txt.salida_0,0,2
100-300-046.txt.salida_0,0,2
100-300-047.txt.salida_0,0,3
100-300-048.txt.salida_0,0,3
100-300-049.txt.salida_0,0,3
100-300-050.txt.salida_0,0,2
100-300-051.txt.salida_0,0,5
100-300-052.txt.salida_0,0,2
100-300-053.txt.salida_0,0,2
100-300-054.txt.salida_0,0,2
100-300-055.txt.salida_0,0,2
100-300-056.txt.salida_0,0,2
100-300-057.txt.salida_0,0,2
100-300-058.txt.salida_0,0,2
100-300-059.txt.salida_0,0,2
100-300-060.txt.salida_0,0,4
100-300-061.txt.salida_0,0,2
100-300-062.txt.salida_0,0,2
100-300-063.txt.salida_0,0,2
100-300-064.txt.salida_0,0,2
100-300-065.txt.salida_0,0,2
100-300-066.txt.salida_0,0,2
100-300-067.txt.salida_0,0,2
100-300-068.txt.salida_0,0,2
100-300-069.txt.salida_0,0,2
100-300-070.txt.salida_0,0,2
100-300-071.txt.salida_0,0,2
100-300-072.txt.salida_0,0,2
100-300-073.txt.salida_0,0,5
100-300-074.txt.salida_0,0,7
100-300-075.txt.salida_0,0,6
100-300-076.txt.salida_0,0,5
100-300-077.txt.salida_0,0,8
100-300-078.txt.salida_0,0,9
100-300-079.txt.salida_0,0,5
100-300-080.txt.salida_0,0,8
100-300-081.txt.salida_0,0,5
100-300-082.txt.salida_0,0,2
100-300-083.txt.salida_0,0,5
100-300-084.txt.salida_0,0,2
100-300-085.txt.salida_0,0,2
100-300-086.txt.salida_0,0,3
100-300-087.txt.salida_0,0,5
100-300-088.txt.salida_0,0,4
100-300-089.txt.salida_0,0,6
100-300-090.txt.salida_0,0,2
100-300-091.txt.salida_0,0,2
100-300-092.txt.salida_0,0,2
100-300-093.txt.salida_0,0,6
100-300-094.txt.salida_0,0,8
100-300-095.txt.salida_0,0,6
100-300-096.txt.salida_0,0,2
100-300-097.txt.salida_0,0,5
100-300-098.txt.salida_0,0,2
100-300-099.txt.salida_0,0,2
100-300-100.txt.salida_0,0,2
100-600-000.txt.salida_0,0,2
100-600-001.txt.salida_0,0,4
100-600-002.txt.salida_0,0,11
100-600-003.txt.salida_0,0,14
100-600-004.txt.salida_0,0,13
100-600-005.txt.salida_0,0,9
100-600-006.txt.salida_0,0,5
100-600-007.txt.salida_0,0,5
100-600-008.txt.salida_0,0,7
100-600-009.txt.salida_0,0,7
100-600-010.txt.salida_0,0,5
100-600-011.txt.salida_0,0,13
100-600-012.txt.salida_0,0,5
100-600-013.txt.salida_0,0,10
100-600-014.txt.salida_0,0,9
100-600-015.txt.salida_0,0,6
100-600-016.txt.salida_0,0,10
100-600-017.txt.salida_0,0,10
100-600-018.txt.salida_0,0,5
100-600-019.txt.salida_0,0,6
100-600-020.txt.salida_0,0,6
100-600-021.txt.salida_0,0,6
100-600-022.txt.salida_0,0,6
100-600-023.txt.salida_0,0,5
100-600-024.txt.salida_0,0,5
100-600-025.txt.salida_0,0,5
100-600-026.txt.salida_0,0,4
100-600-027.txt.salida_0,0,7
100-600-028.txt.salida_0,0,7
100-600-029.txt.salida_0,0,6
100-600-030.txt.salida_0,0,6
100-600-031.txt.salida_0,0,6
100-600-032.txt.salida_0,0,6
100-600-033.txt.salida_0,0,7
100-600-034.txt.salida_0,0,6
100-600-035.txt.salida_0,0,6
100-600-036.txt.salida_0,0,15
100-600-037.txt.salida_0,0,14
100-600-038.txt.salida_0,0,7
100-600-039.txt.salida_0,0,9
100-600-040.txt.salida_0,0,9
100-600-041.txt.salida_0,0,5
100-600-042.txt.salida_0,0,5
100-600-043.txt.salida_0,0,5
100-600-044.txt.salida_0,0,6
100-600-045.txt.salida_0,0,6
100-600-046.txt.salida_0,0,4
100-600-047.txt.salida_0,0,12
100-600-048.txt.salida_0,0,9
100-600-049.txt.salida_0,0,10
100-600-050.txt.salida_0,0,9
100-600-051.txt.salida_0,0,4
100-600-052.txt.salida_0,0,5
100-600-053.txt.salida_0,0,4
100-600-054.txt.salida_0,0,5
100-600-055.txt.salida_0,0,4
100-600-056.txt.salida_0,0,5
100-600-057.txt.salida_0,0,5
100-600-058.txt.salida_0,0,4
100-600-059.txt.salida_0,0,4
100-600-060.txt.salida_0,0,4
100-600-061.txt.salida_0,0,5
100-600-062.txt.salida_0,0,4
100-600-063.txt.salida_0,0,5
100-600-064.txt.salida_0,0,4
100-600-065.txt.salida_0,0,20
100-600-066.txt.salida_0,0,14
100-600-067.txt.salida_0,0,15
100-600-068.txt.salida_0,0,12
100-600-069.txt.salida_0,0,5
100-600-070.txt.salida_0,0,4
100-600-071.txt.salida_0,0,4
100-600-072.txt.salida_0,0,4
100-600-073.txt.salida_0,0,4
100-600-074.txt.salida_0,0,4
100-600-075.txt.salida_0,0,5
100-600-076.txt.salida_0,0,4
100-600-077.txt.salida_0,0,4
100-600-078.txt.salida_0,0,4
100-600-079.txt.salida_0,0,4
100-600-080.txt.salida_0,0,5
100-600-081.txt.salida_0,0,4
100-600-082.txt.salida_0,0,5
100-600-083.txt.salida_0,0,7
100-600-084.txt.salida_0,0,7
100-600-085.txt.salida_0,0,5
100-600-086.txt.salida_0,0,12
100-600-087.txt.salida_0,0,4
100-600-088.txt.salida_0,0,11
100-600-089.txt.salida_0,0,8
100-600-090.txt.salida_0,0,7
100-600-091.txt.salida_0,0,12
100-600-092.txt.salida_0,0,12
100-600-093.txt.salida_0,0,11
100-600-094.txt.salida_0,0,9
100-600-095.txt.salida_0,0,5
100-600-096.txt.salida_0,0,5
100-600-097.txt.salida_0,0,5
100-600-098.txt.salida_0,0,4
100-600-099.txt.salida_0,0,4
100-600-100.txt.salida_0,0,5
100-800-000.txt.salida_0,0,4
100-800-002.txt.salida_0,0,7
100-800-003.txt.salida_0,0,20
100-800-004.txt.salida_0,0,7
100-800-005.txt.salida_0,0,8
100-800-006.txt.salida_0,0,8
100-800-007.txt.salida_0,0,10
100-800-008.txt.salida_0,0,15
100-800-009.txt.salida_0,0,11
100-800-010.txt.salida_0,0,13
100-800-011.txt.salida_0,0,12
100-800-012.txt.salida_0,0,12
100-800-013.txt.salida_0,0,10
100-800-014.txt.salida_0,0,7
100-800-015.txt.salida_0,0,7
100-800-016.txt.salida_0,0,5
100-800-017.txt.salida_0,0,5
100-800-018.txt.salida_0,0,7
100-800-019.txt.salida_0,0,6
100-800-020.txt.salida_0,0,7
100-800-021.txt.salida_0,0,5
100-800-022.txt.salida_0,0,8
100-800-023.txt.salida_0,0,9
100-800-024.txt.salida_0,0,10
100-800-025.txt.salida_0,0,9
100-800-026.txt.salida_0,0,14
100-800-027.txt.salida_0,0,10
100-800-028.txt.salida_0,0,10
100-800-029.txt.salida_0,0,8
100-800-030.txt.salida_0,0,6
100-800-031.txt.salida_0,0,6
100-800-032.txt.salida_0,0,5
100-800-033.txt.salida_0,0,5
100-800-034.txt.salida_0,0,5
100-800-035.txt.salida_0,0,13
100-800-036.txt.salida_0,0,6
100-800-037.txt.salida_0,0,18
100-800-038.txt.salida_0,0,13
100-800-039.txt.salida_0,0,18
100-800-040.txt.salida_0,0,8
100-800-041.txt.salida_0,0,6
100-800-042.txt.salida_0,0,6
100-800-043.txt.salida_0,0,5
100-800-044.txt.salida_0,0,5
100-800-045.txt.salida_0,0,6
100-800-046.txt.salida_0,0,7
100-800-047.txt.salida_0,0,6
100-800-048.txt.salida_0,0,7
100-800-049.txt.salida_0,0,15
100-800-050.txt.salida_0,0,9
100-800-051.txt.salida_0,0,6
100-800-052.txt.salida_0,0,7
100-800-053.txt.salida_0,0,5
100-800-054.txt.salida_0,0,5
100-800-055.txt.salida_0,0,6
100-800-056.txt.salida_0,0,6
100-800-057.txt.salida_0,0,5
100-800-058.txt.salida_0,0,6
100-800-059.txt.salida_0,0,6
100-800-060.txt.salida_0,0,6
100-800-061.txt.salida_0,0,5
100-800-062.txt.salida_0,0,19
100-800-063.txt.salida_0,0,21
100-800-064.txt.salida_0,0,19
100-800-065.txt.salida_0,0,16
100-800-066.txt.salida_0,0,16
100-800-067.txt.salida_0,0,14
100-800-068.txt.salida_0,0,13
100-800-069.txt.salida_0,0,15
100-800-070.txt.salida_0,0,14
100-800-071.txt.salida_0,0,14
100-800-072.txt.salida_0,0,12
100-800-073.txt.salida_0,0,20
100-800-074.txt.salida_0,0,23
100-800-075.txt.salida_0,0,11
100-800-076.txt.salida_0,0,7
100-800-077.txt.salida_0,0,5
100-800-078.txt.salida_0,0,6
100-800-079.txt.salida_0,0,5
100-800-080.txt.salida_0,0,8
100-800-081.txt.salida_0,0,7
100-800-082.txt.salida_0,0,21
100-800-083.txt.salida_0,0,13
100-800-084.txt.salida_0,0,14
100-800-085.txt.salida_0,0,6
100-800-086.txt.salida_0,0,6
100-800-087.txt.salida_0,0,6
100-800-088.txt.salida_0,0,9
100-800-089.txt.salida_0,0,5
100-800-090.txt.salida_0,0,5
100-800-091.txt.salida_0,0,5
100-800-092.txt.salida_0,0,6
100-800-093.txt.salida_0,0,5
100-800-094.txt.salida_0,0,6
100-800-095.txt.salida_0,0,6
100-800-096.txt.salida_0,0,6
100-800-097.txt.salida_0,0,6
100-800-098.txt.salida_0,0,6
100-800-099.txt.salida_0,0,5
100-800-100.txt.salida_0,0,6
200-300-000.txt.salida_0,0,4
200-300-001.txt.salida_0,0,4
200-300-002.txt.salida_0,0,4
200-300-003.txt.salida_0,0,4
200-300-004.txt.salida_0,0,4
200-300-005.txt.salida_0,0,4
200-300-006.txt.salida_0,0,4
200-300-007.txt.salida_0,0,5
200-300-008.txt.salida_0,0,4
200-300-009.txt.salida_0,0,7
200-300-010.txt.salida_0,0,7
200-300-011.txt.salida_0,0,7
200-300-012.txt.salida_0,0,7
200-300-013.txt.salida_0,0,4
200-300-014.txt.salida_0,0,4
200-300-015.txt.salida_0,0,5
200-300-016.txt.salida_0,0,4
200-300-017.txt.salida_0,0,5
200-300-018.txt.salida_0,0,11
200-300-019.txt.salida_0,0,7
200-300-020.txt.salida_0,0,6
200-300-021.txt.salida_0,0,7
200-300-022.txt.salida_0,0,6
200-300-023.txt.salida_0,0,4
200-300-024.txt.salida_0,0,4
200-300-025.txt.salida_0,0,5
200-300-026.txt.salida_0,0,4
200-300-027.txt.salida_0,0,4
200-300-028.txt.salida_0,0,5
200-300-029.txt.salida_0,0,4
200-300-030.txt.salida_0,0,11
200-300-031.txt.salida_0,0,11
200-300-032.txt.salida_0,0,5
200-300-033.txt.salida_0,0,11
200-300-034.txt.salida_0,0,11
200-300-035.txt.salida_0,0,4
200-300-036.txt.salida_0,0,6
200-300-037.txt.salida_0,0,6
200-300-038.txt.salida_0,0,4
200-300-039.txt.salida_0,0,11
200-300-040.txt.salida_0,0,5
200-300-041.txt.salida_0,0,4
200-300-042.txt.salida_0,0,4
200-300-043.txt.salida_0,0,5
200-300-044.txt.salida_0,0,10
200-300-045.txt.salida_0,0,4
200-300-046.txt.salida_0,0,10
200-300-047.txt.salida_0,0,7
200-300-048.txt.salida_0,0,6
200-300-049.txt.salida_0,0,5
200-300-050.txt.salida_0,0,4
200-300-051.txt.salida_0,0,4
200-300-052.txt.salida_0,0,4
200-300-053.txt.salida_0,0,4
200-300-054.txt.salida_0,0,5
200-300-055.txt.salida_0,0,5
200-300-056.txt.salida_0,0,4
200-300-057.txt.salida_0,0,5
200-300-058.txt.salida_0,0,5
200-300-059.txt.salida_0,0,5
200-300-060.txt.salida_0,0,5
200-300-061.txt.salida_0,0,5
200-300-062.txt.salida_0,0,4
200-300-063.txt.salida_0,0,16
200-300-064.txt.salida_0,0,10
200-300-065.txt.salida_0,0,8
200-300-066.txt.salida_0,0,7
200-300-067.txt.salida_0,0,11
200-300-068.txt.salida_0,0,11
200-300-069.txt.salida_0,0,13
200-300-070.txt.salida_0,0,10
200-300-071.txt.salida_0,0,11
200-300-072.txt.salida_0,0,12
200-300-073.txt.salida_0,0,12
200-300-074.txt.salida_0,0,13
200-300-075.txt.salida_0,0,10
200-300-076.txt.salida_0,0,12
200-300-077.txt.salida_0,0,9
200-300-078.txt.salida_0,0,4
200-300-079.txt.salida_0,0,7
200-300-080.txt.salida_0,0,5
200-300-081.txt.salida_0,0,4
200-300-082.txt.salida_0,0,4
200-300-083.txt.salida_0,0,4
200-300-084.txt.salida_0,0,4
200-300-085.txt.salida_0,0,4
200-300-086.txt.salida_0,0,6
200-300-087.txt.salida_0,0,6
200-300-088.txt.salida_0,0,6
200-300-089.txt.salida_0,0,6
200-300-090.txt.salida_0,0,8
200-300-091.txt.salida_0,0,7
200-300-092.txt.salida_0,0,4
200-300-093.txt.salida_0,0,4
200-300-094.txt.salida_0,0,4
200-300-095.txt.salida_0,0,5
200-300-096.txt.salida_0,0,4
200-300-097.txt.salida_0,0,4
200-300-098.txt.salida_0,0,5
200-300-099.txt.salida_0,0,4
200-300-100.txt.salida_0,0,4
200-600-000.txt.salida_0,0,4
200-600-001.txt.salida_0,0,28
200-600-002.txt.salida_0,0,9
200-600-003.txt.salida_0,0,9
200-600-004.txt.salida_0,0,20
200-600-005.txt.salida_0,0,9
200-600-006.txt.salida_0,0,9
200-600-007.txt.salida_0,0,9
200-600-008.txt.salida_0,0,12
200-600-009.txt.salida_0,0,9
200-600-010.txt.salida_0,0,9
200-600-011.txt.salida_0,0,9
200-600-012.txt.salida_0,0,9
200-600-013.txt.salida_0,0,22
200-600-014.txt.salida_0,0,9
200-600-015.txt.salida_0,0,9
200-600-016.txt.salida_0,0,9
200-600-017.txt.salida_0,0,8
200-600-018.txt.salida_0,0,12
200-600-019.txt.salida_0,0,12
200-600-020.txt.salida_0,0,8
200-600-021.txt.salida_0,0,9
200-600-022.txt.salida_0,0,8
200-600-023.txt.salida_0,0,9
200-600-024.txt.salida_0,0,9
200-600-025.txt.salida_0,0,9
200-600-026.txt.salida_0,0,8
200-600-027.txt.salida_0,0,8
200-600-028.txt.salida_0,0,8
200-600-029.txt.salida_0,0,8
200-600-030.txt.salida_0,0,21
200-600-031.txt.salida_0,0,23
200-600-032.txt.salida_0,0,23
200-600-033.txt.salida_0,0,15
200-600-034.txt.salida_0,0,15
200-600-035.txt.salida_0,0,29
200-600-036.txt.salida_0,0,26
200-600-037.txt.salida_0,0,12
200-600-038.txt.salida_0,0,13
200-600-039.txt.salida_0,0,10
200-600-040.txt.salida_0,0,8
200-600-041.txt.salida_0,0,9
200-600-042.txt.salida_0,0,9
200-600-043.txt.salida_0,0,19
200-600-044.txt.salida_0,0,12
200-600-045.txt.salida_0,0,9
200-600-046.txt.salida_0,0,10
200-600-047.txt.salida_0,0,9
200-600-048.txt.salida_0,0,9
200-600-049.txt.salida_0,0,27
200-600-050.txt.salida_0,0,9
200-600-051.txt.salida_0,0,8
200-600-052.txt.salida_0,0,10
200-600-053.txt.salida_0,0,11
200-600-054.txt.salida_0,0,10
200-600-055.txt.salida_0,0,8
200-600-056.txt.salida_0,0,12
200-600-057.txt.salida_0,0,12
200-600-058.txt.salida_0,0,12
200-600-059.txt.salida_0,0,12
200-600-060.txt.salida_0,0,10
200-600-061.txt.salida_0,0,10
200-600-062.txt.salida_0,0,9
200-600-063.txt.salida_0,0,9
200-600-064.txt.salida_0,0,8
200-600-065.txt.salida_0,0,8
200-600-066.txt.salida_0,0,8
200-600-067.txt.salida_0,0,9
200-600-068.txt.salida_0,0,30
200-600-069.txt.salida_0,0,8
200-600-070.txt.salida_0,0,23
200-600-071.txt.salida_0,0,14
200-600-072.txt.salida_0,0,12
200-600-073.txt.salida_0,0,25
200-600-074.txt.salida_0,0,23
200-600-075.txt.salida_0,0,18
200-600-076.txt.salida_0,0,16
200-600-077.txt.salida_0,0,25
200-600-078.txt.salida_0,0,18
200-600-079.txt.salida_0,0,21
200-600-080.txt.salida_0,0,15
200-600-081.txt.salida_0,0,11
200-600-082.txt.salida_0,0,8
200-600-083.txt.salida_0,0,23
200-600-084.txt.salida_0,0,28
200-600-085.txt.salida_0,0,18
200-600-086.txt.salida_0,0,16
200-600-087.txt.salida_0,0,14
200-600-088.txt.salida_0,0,15
200-600-089.txt.salida_0,0,13
200-600-090.txt.salida_0,0,8
200-600-091.txt.salida_0,0,9
200-600-092.txt.salida_0,0,10
200-600-093.txt.salida_0,0,9
200-600-094.txt.salida_0,0,9
200-600-095.txt.salida_0,0,9
200-600-096.txt.salida_0,0,9
200-600-097.txt.salida_0,0,9
200-600-098.txt.salida_0,0,9
200-600-099.txt.salida_0,0,9
200-600-100.txt.salida_0,0,31
200-800-000.txt.salida_0,0,9
200-800-001.txt.salida_0,0,38
200-800-002.txt.salida_0,0,11
200-800-003.txt.salida_0,0,28
200-800-004.txt.salida_0,0,20
200-800-005.txt.salida_0,0,11
200-800-006.txt.salida_0,0,12
200-800-007.txt.salida_0,0,11
200-800-008.txt.salida_0,0,11
200-800-009.txt.salida_0,0,19
200-800-010.txt.salida_0,0,28
200-800-011.txt.salida_0,0,18
200-800-012.txt.salida_0,0,27
200-800-013.txt.salida_0,0,18
200-800-014.txt.salida_0,0,16
200-800-015.txt.salida_0,0,11
200-800-016.txt.salida_0,0,17
200-800-017.txt.salida_0,0,11
200-800-018.txt.salida_0,0,16
200-800-019.txt.salida_0,0,11
200-800-020.txt.salida_0,0,16
200-800-021.txt.salida_0,0,14
200-800-022.txt.salida_0,0,11
200-800-023.txt.salida_0,0,15
200-800-024.txt.salida_0,0,11
200-800-025.txt.salida_0,0,14
200-800-026.txt.salida_0,0,15
200-800-027.txt.salida_0,0,11
200-800-028.txt.salida_0,0,15
200-800-029.txt.salida_0,0,15
200-800-030.txt.salida_0,0,11
200-800-031.txt.salida_0,0,14
200-800-032.txt.salida_0,0,14
200-800-033.txt.salida_0,0,13
200-800-034.txt.salida_0,0,11
200-800-035.txt.salida_0,0,12
200-800-036.txt.salida_0,0,12
200-800-037.txt.salida_0,0,12
200-800-038.txt.salida_0,0,11
200-800-039.txt.salida_0,0,13
200-800-040.txt.salida_0,0,12
200-800-041.txt.salida_0,0,13
200-800-042.txt.salida_0,0,11
200-800-043.txt.salida_0,0,19
200-800-044.txt.salida_0,0,12
200-800-045.txt.salida_0,0,18
200-800-046.txt.salida_0,0,11
200-800-047.txt.salida_0,0,27
200-800-048.txt.salida_0,0,11
200-800-049.txt.salida_0,0,11
200-800-050.txt.salida_0,0,16
200-800-051.txt.salida_0,0,14
200-800-052.txt.salida_0,0,13
200-800-053.txt.salida_0,0,12
200-800-054.txt.salida_0,0,21
200-800-055.txt.salida_0,0,20
200-800-056.txt.salida_0,0,17
200-800-057.txt.salida_0,0,17
200-800-058.txt.salida_0,0,12
200-800-059.txt.salida_0,0,12
200-800-060.txt.salida_0,0,12
200-800-061.txt.salida_0,0,16
200-800-062.txt.salida_0,0,15
200-800-063.txt.salida_0,0,16
200-800-064.txt.salida_0,0,13
200-800-065.txt.salida_0,0,11
200-800-066.txt.salida_0,0,11
200-800-067.txt.salida_0,0,11
200-800-068.txt.salida_0,0,11
200-800-069.txt.salida_0,0,37
200-800-070.txt.salida_0,0,31
200-800-071.txt.salida_0,0,26
200-800-072.txt.salida_0,0,23
200-800-073.txt.salida_0,0,11
200-800-074.txt.salida_0,0,11
200-800-075.txt.salida_0,0,11
200-800-076.txt.salida_0,0,22
200-800-077.txt.salida_0,0,20
200-800-078.txt.salida_0,0,17
200-800-079.txt.salida_0,0,14
200-800-080.txt.salida_0,0,33
200-800-081.txt.salida_0,0,26
200-800-082.txt.salida_0,0,22
200-800-083.txt.salida_0,0,23
200-800-084.txt.salida_0,0,40
200-800-085.txt.salida_0,0,38
200-800-086.txt.salida_0,0,38
200-800-087.txt.salida_0,0,38
200-800-088.txt.salida_0,0,12
200-800-089.txt.salida_0,0,11
200-800-090.txt.salida_0,0,12
200-800-091.txt.salida_0,0,12
200-800-092.txt.salida_0,0,11
200-800-093.txt.salida_0,0,12
200-800-094.txt.salida_0,0,11
200-800-095.txt.salida_0,0,11
200-800-096.txt.salida_0,0,29
200-800-097.txt.salida_0,0,13
200-800-098.txt.salida_0,0,15
200-800-099.txt.salida_0,0,17
200-800-100.txt.salida_0,0,14
